{
  "reference_stats": {
    "Total_Quantity": {
      "mean": 150.57996167466976,
      "std": 29.37647814539027,
      "median": 150.75901836704665,
      "q25": 130.57229083612944,
      "q75": 169.4383162641879,
      "min": 52.76197979792782,
      "max": 265.5819447196416,
      "skewness": 0.11680083110533541,
      "kurtosis": 0.06620589292148438,
      "missing_rate": 0.0
    },
    "Avg_Price": {
      "mean": 18.212508711747468,
      "std": 2.9923631316822625,
      "median": 18.18923139698714,
      "q25": 16.181274932921667,
      "q75": 20.186646531094887,
      "min": 9.17883409600716,
      "max": 27.579322703534583,
      "skewness": -0.049321773965299374,
      "kurtosis": 0.05211754569784155,
      "missing_rate": 0.0
    },
    "Transaction_Count": {
      "mean": 24.946,
      "std": 5.05199036089803,
      "median": 25.0,
      "q25": 21.0,
      "q75": 28.0,
      "min": 13,
      "max": 43,
      "skewness": 0.33859290063398284,
      "kurtosis": 0.16648180557363634,
      "missing_rate": 0.0
    },
    "Price_Volatility": {
      "mean": 0.9740997196750741,
      "std": 0.6713137417027444,
      "median": 0.8215420883332949,
      "q25": 0.49063777074542053,
      "q75": 1.3304974592501264,
      "min": 0.015148918153473703,
      "max": 4.815118516531281,
      "skewness": 1.3288205941608033,
      "kurtosis": 2.6581972279066406,
      "missing_rate": 0.0
    },
    "Revenue": {
      "mean": 2748.8821315979862,
      "std": 755.7869250304677,
      "median": 2675.5401562831557,
      "q25": 2247.56915665769,
      "q75": 3203.811741942698,
      "min": 969.3235582100377,
      "max": 6140.6401367464605,
      "skewness": 0.5865468421971047,
      "kurtosis": 0.6330890761407333,
      "missing_rate": 0.0
    },
    "Wholesale_Price": {
      "mean": 13.66444956020317,
      "std": 2.3294649779410257,
      "median": 13.627375627458354,
      "q25": 12.033839068334206,
      "q75": 15.164277488117449,
      "min": 6.414616792448683,
      "max": 21.608134681418385,
      "skewness": 0.044631857086910004,
      "kurtosis": 0.08570544340272779,
      "missing_rate": 0.0
    },
    "Loss_Rate": {
      "mean": 1.8298913472403073,
      "std": 1.1594671655105588,
      "median": 1.6049671845623674,
      "q25": 0.9919851092661625,
      "q75": 2.472822562981326,
      "min": 0.06951338068658837,
      "max": 7.40506272478625,
      "skewness": 1.1963803239978807,
      "kurtosis": 2.0349895617729423,
      "missing_rate": 0.0
    },
    "Month": {
      "mean": 6.406,
      "std": 3.4241625091237844,
      "median": 6.0,
      "q25": 3.75,
      "q75": 9.0,
      "min": 1,
      "max": 12,
      "skewness": 0.04097122282628511,
      "kurtosis": -1.159137836511896,
      "missing_rate": 0.0
    },
    "DayOfWeek": {
      "mean": 2.964,
      "std": 2.067118036537096,
      "median": 3.0,
      "q25": 1.0,
      "q75": 5.0,
      "min": 0,
      "max": 6,
      "skewness": 0.02370504465122796,
      "kurtosis": -1.3183410214985392,
      "missing_rate": 0.0
    },
    "IsWeekend": {
      "mean": 0.196,
      "std": 0.39716714584887525,
      "median": 0.0,
      "q25": 0.0,
      "q75": 0.0,
      "min": 0,
      "max": 1,
      "skewness": 1.5316076230072424,
      "kurtosis": 0.34582191085389535,
      "missing_rate": 0.0
    },
    "Category_Code": {
      "mean": 2.564,
      "std": 1.1068555141160608,
      "median": 3.0,
      "q25": 2.0,
      "q75": 4.0,
      "min": 1,
      "max": 4,
      "skewness": -0.06665525859083983,
      "kurtosis": -1.330702614907974,
      "missing_rate": 0.0
    }
  },
  "baseline_performance": {},
  "drift_threshold": 0.25,
  "performance_threshold": 0.15,
  "last_updated": "2025-06-22T05:11:15.913180",
  "local_mode": true,
  "aws_enabled": false
}