rank,category,revenue,transactions
1,4,1079993.843021641,18090
2,2,754677.5237397945,10756
3,3,620363.2849752925,9458
