{
  "linear_regression": {
    "train_mae": 0.5056375536286308,
    "train_mse": 1.990264933364837,
    "train_rmse": 1.4107674979828664,
    "train_r2": 0.9638058855198672,
    "train_mape": 5.329771501877137,
    "val_mae": 0.6829835046352991,
    "val_mse": 1.783031273442567,
    "val_rmse": 1.335301940926683,
    "val_r2": 0.9497200433945947,
    "val_mape": 11.718423917160727,
    "val_smape": 10.65095089576009,
    "test_mae": 0.5086691138910797,
    "test_rmse": 2.029146217712281,
    "test_r2": 0.9195139556381415,
    "test_mape": 7.0611897228220215
  },
  "ridge": {
    "train_mae": 0.5055338660970385,
    "train_mse": 1.9901848581484218,
    "train_rmse": 1.4107391176785387,
    "train_r2": 0.963807341733812,
    "train_mape": 5.3256201473465214,
    "val_mae": 0.6820620062017845,
    "val_mse": 1.782269883978244,
    "val_rmse": 1.3350168103729045,
    "val_r2": 0.949741513926153,
    "val_mape": 11.692430365041952,
    "val_smape": 10.631585432941366,
    "test_mae": 0.5079574189347722,
    "test_rmse": 2.0305362843851467,
    "test_r2": 0.9194036439327047,
    "test_mape": 7.041956809549006
  },
  "random_forest": {
    "train_mae": 0.358093104780428,
    "train_mse": 0.8754191563923088,
    "train_rmse": 0.9356383683840188,
    "train_r2": 0.9840799982789245,
    "train_mape": 3.955436767261998,
    "val_mae": 0.6854088361460325,
    "val_mse": 2.1069860968042597,
    "val_rmse": 1.4515461056419323,
    "val_r2": 0.9405847945050512,
    "val_mape": 11.69224556360008,
    "val_smape": 10.571794025481003,
    "test_mae": 0.5168142232775385,
    "test_rmse": 1.8954928819720138,
    "test_r2": 0.9297674861147951,
    "test_mape": 7.072874850284718
  },
  "gradient_boosting": {
    "train_mae": 0.36053300417074013,
    "train_mse": 0.6282821962739416,
    "train_rmse": 0.7926425400355078,
    "train_r2": 0.9885743262836256,
    "train_mape": 4.230003257302763,
    "val_mae": 0.7037903237958864,
    "val_mse": 2.158986887445414,
    "val_rmse": 1.4693491373548406,
    "val_r2": 0.9391184166933845,
    "val_mape": 11.775138772175607,
    "val_smape": 10.605736652589698,
    "test_mae": 0.5605504187740684,
    "test_rmse": 1.8824197718607916,
    "test_r2": 0.9307329248728311,
    "test_mape": 7.834725357985373
  }
}