{
  "linear_regression": {
    "train_mae": 0.5056392079113663,
    "train_mse": 1.9901760680814276,
    "train_rmse": 1.4107360022631548,
    "train_r2": 0.9638075015862446,
    "train_mape": 5.326947686158999,
    "val_mae": 0.6822868409481369,
    "val_mse": 1.782934245278001,
    "val_rmse": 1.3352656085131531,
    "val_r2": 0.9497227795058321,
    "val_mape": 11.700506739624721,
    "val_smape": 10.638298186022938,
    "test_mae": 0.5081868771827537,
    "test_rmse": 2.0306325693299363,
    "test_r2": 0.9193960002380387,
    "test_mape": 7.047639291529275
  },
  "ridge": {
    "train_mae": 0.5055338660970473,
    "train_mse": 1.990184858148421,
    "train_rmse": 1.4107391176785384,
    "train_r2": 0.9638073417338121,
    "train_mape": 5.325620147346603,
    "val_mae": 0.6820620062017853,
    "val_mse": 1.7822698839782376,
    "val_rmse": 1.3350168103729023,
    "val_r2": 0.9497415139261532,
    "val_mape": 11.692430365041805,
    "val_smape": 10.631585432941227,
    "test_mae": 0.5079574189347851,
    "test_rmse": 2.030536284385137,
    "test_r2": 0.9194036439327055,
    "test_mape": 7.0419568095491964
  },
  "random_forest": {
    "train_mae": 0.35785821509286253,
    "train_mse": 0.8691574675887455,
    "train_rmse": 0.9322861511299766,
    "train_r2": 0.9841938706974129,
    "train_mape": 3.957731546751506,
    "val_mae": 0.6855342038201652,
    "val_mse": 2.1034750889388487,
    "val_rmse": 1.4503361985894334,
    "val_r2": 0.9406838019233412,
    "val_mape": 11.693978746604545,
    "val_smape": 10.5738990422777,
    "test_mae": 0.5187141991497498,
    "test_rmse": 1.882703232269873,
    "test_r2": 0.9307120624147823,
    "test_mape": 7.096184142545341
  },
  "gradient_boosting": {
    "train_mae": 0.3571261693633963,
    "train_mse": 0.62361417201593,
    "train_rmse": 0.7896924540705261,
    "train_r2": 0.9886592169941828,
    "train_mape": 4.20273825705328,
    "val_mae": 0.7012849969372428,
    "val_mse": 2.0863257897146914,
    "val_rmse": 1.4444119182957096,
    "val_r2": 0.9411673974909831,
    "val_mape": 11.877940892027047,
    "val_smape": 10.652631174154257,
    "test_mae": 0.5632813084316265,
    "test_rmse": 1.8845635880975533,
    "test_r2": 0.9305750637616115,
    "test_mape": 8.037326720105682
  }
}