{
  "linear_regression": {
    "train_mae": 0.5056667441165821,
    "train_mse": 1.9901733291049117,
    "train_rmse": 1.4107350315012779,
    "train_r2": 0.9638075513961106,
    "train_mape": 5.327303029800615,
    "val_mae": 0.6823156015968354,
    "val_mse": 1.782980226824981,
    "val_rmse": 1.3352828265296386,
    "val_r2": 0.9497214828655425,
    "val_mape": 11.702467485633672,
    "val_smape": 10.639317480383557,
    "test_mae": 0.5082160064577435,
    "test_rmse": 2.0306280480946093,
    "test_r2": 0.9193963591697835,
    "test_mape": 7.048540442093778
  },
  "ridge": {
    "train_mae": 0.5055338660970413,
    "train_mse": 1.9901848581484214,
    "train_rmse": 1.4107391176785384,
    "train_r2": 0.9638073417338121,
    "train_mape": 5.325620147346548,
    "val_mae": 0.6820620062017829,
    "val_mse": 1.7822698839782396,
    "val_rmse": 1.335016810372903,
    "val_r2": 0.9497415139261531,
    "val_mape": 11.692430365041858,
    "val_smape": 10.631585432941309,
    "test_mae": 0.5079574189347769,
    "test_rmse": 2.0305362843851396,
    "test_r2": 0.9194036439327052,
    "test_mape": 7.041956809549058
  },
  "random_forest": {
    "train_mae": 0.35809310478042805,
    "train_mse": 0.8754191563923088,
    "train_rmse": 0.9356383683840188,
    "train_r2": 0.9840799982789245,
    "train_mape": 3.9554367672619986,
    "val_mae": 0.6854088361460325,
    "val_mse": 2.1069860968042597,
    "val_rmse": 1.4515461056419323,
    "val_r2": 0.9405847945050512,
    "val_mape": 11.692245563600082,
    "val_smape": 10.571794025481003,
    "test_mae": 0.5168142232775382,
    "test_rmse": 1.8954928819720138,
    "test_r2": 0.9297674861147951,
    "test_mape": 7.072874850284716
  },
  "gradient_boosting": {
    "train_mae": 0.36053300417074013,
    "train_mse": 0.6282821962739416,
    "train_rmse": 0.7926425400355078,
    "train_r2": 0.9885743262836256,
    "train_mape": 4.230003257302763,
    "val_mae": 0.7037903237958864,
    "val_mse": 2.158986887445414,
    "val_rmse": 1.4693491373548406,
    "val_r2": 0.9391184166933845,
    "val_mape": 11.775138772175607,
    "val_smape": 10.605736652589698,
    "test_mae": 0.5605504187740684,
    "test_rmse": 1.8824197718607916,
    "test_r2": 0.9307329248728311,
    "test_mape": 7.834725357985373
  }
}