{
  "linear_regression": {
    "train_mae": 0.5059166511656173,
    "train_mse": 1.9902140324996318,
    "train_rmse": 1.4107494577350126,
    "train_r2": 0.9638068111814269,
    "train_mape": 5.334029172246249,
    "val_mae": 0.682924644477612,
    "val_mse": 1.7836077238290242,
    "val_rmse": 1.3355177736851818,
    "val_r2": 0.9497037879868249,
    "val_mape": 11.732646062210634,
    "val_smape": 10.660041523433515,
    "test_mae": 0.5087249293573227,
    "test_rmse": 2.0302986199123847,
    "test_r2": 0.9194225096576117,
    "test_mape": 7.061445880693218
  },
  "ridge": {
    "train_mae": 0.5055338660970381,
    "train_mse": 1.9901848581484216,
    "train_rmse": 1.4107391176785387,
    "train_r2": 0.963807341733812,
    "train_mape": 5.3256201473465214,
    "val_mae": 0.6820620062017834,
    "val_mse": 1.782269883978239,
    "val_rmse": 1.3350168103729028,
    "val_r2": 0.9497415139261531,
    "val_mape": 11.692430365041897,
    "val_smape": 10.63158543294132,
    "test_mae": 0.5079574189347716,
    "test_rmse": 2.030536284385143,
    "test_r2": 0.919403643932705,
    "test_mape": 7.0419568095489975
  },
  "random_forest": {
    "train_mae": 0.35809310478042805,
    "train_mse": 0.8754191563923088,
    "train_rmse": 0.9356383683840188,
    "train_r2": 0.9840799982789245,
    "train_mape": 3.955436767261997,
    "val_mae": 0.6854088361460325,
    "val_mse": 2.1069860968042597,
    "val_rmse": 1.4515461056419323,
    "val_r2": 0.9405847945050512,
    "val_mape": 11.692245563600082,
    "val_smape": 10.571794025481003,
    "test_mae": 0.5168142232775381,
    "test_rmse": 1.8954928819720138,
    "test_r2": 0.9297674861147951,
    "test_mape": 7.072874850284714
  },
  "gradient_boosting": {
    "train_mae": 0.36053300417074013,
    "train_mse": 0.6282821962739416,
    "train_rmse": 0.7926425400355078,
    "train_r2": 0.9885743262836256,
    "train_mape": 4.230003257302763,
    "val_mae": 0.7037903237958864,
    "val_mse": 2.158986887445414,
    "val_rmse": 1.4693491373548406,
    "val_r2": 0.9391184166933845,
    "val_mape": 11.775138772175607,
    "val_smape": 10.605736652589698,
    "test_mae": 0.5605504187740684,
    "test_rmse": 1.8824197718607916,
    "test_r2": 0.9307329248728311,
    "test_mape": 7.834725357985373
  }
}